name,maker,type,bottlesize,alcohol,country,city,website
Adler Berlin Dry Gin,Preussische Spirituosen Manufaktur,Dry Gin,0.7l,42%,Germany,Berlin,http://www.adlergin.de
Arctic Velvet Premium Gin,ThoCon AG,Dry Gin,0.7l,40%,Switzerland,Cham,http://www.arctic-velvet.com
Beefeater 24 London Dry Gin,Pernod Ricard,Dry Gin,0.7l,45%,England,London,http://www.beefeatergin.com
Beefeater London Distilled Dry Gin,Pernod Ricard,Dry Gin,0.7l,47%,England,London,http://www.beefeatergin.com
Beefeater London Distilled Dry Gin,Pernod Ricard,Dry Gin,1l,47%,England,London,http://www.beefeatergin.com
Bombay Sapphire London Dry Gin,Bombay Sapphire,Dry Gin,0.7l,40%,England,London,http://www.bombaysapphire.com
Bombay Sapphire London Dry Gin,Bombay Sapphire,Dry Gin,1l,40%,England,London,http://www.bombaysapphire.com
Brecon Special Reserve Gin,Brecon,Dry Gin,0.7l,40%,England,Brecon Beacons National Park,http://www.welsh-whisky.co.uk/Our-Spirits/Brecon-Gin.aspx
Brokers Premium Dry Gin,Broker's Gin Limited,Dry Gin,0.7l,47%,England,London,http://www.brokersgin.com
Bulldog Gin,Bulldog Gin,Dry Gin,0.7l,40%,England,London,http://www.bulldoggin.com
Club Charles Gin,punct handelsgesellschaft mbH,Dry Gin,0.7l,44%,Germany,Hamburg,http://www.club-charles.de
Chase Seville Orange Gin,,Dry Gin,0.7l,40%,England,,
Citadelle Gin,Cognac Ferrand,Dry Gin,0.7l,44%,France,Viroflay,http://www.citadellegin.com
Corsair Barrel Aged Gin,Corsair Artisan Distillers,Dry Gin,0.7l,46%,USA,Tennessee,http://www.corsairartisan.com
Corsair Gin,Corsair Artisan Distillers,Dry Gin,0.7l,44%,USA,Tennessee,http://www.corsairartisan.com
Edinburgh Gin,The Spencerfield Spirit Company Ltd,Dry Gin,0.2l,43%,Scotland,Innverkeithing,http://www.spencerfieldspirit.com/products/edinburgh-gin/
Edinburgh Gin,The Spencerfield Spirit Company Ltd,Dry Gin,0.7l,43%,Scotland,Innverkeithing,http://www.spencerfieldspirit.com/products/edinburgh-gin/
Feel! Munich Dry Gin,Korbinian Achternbusch,Dry Gin,0.7l,47%,Germany,Munich,http://www.feel-gin.de
Fifty Pounds Gin,Thames Distillers,Dry Gin,0.7l,43.5%,England,London,http://www.fiftypoundsgin.co.uk
Finsbury Platinum,Finsbury,Dry Gin,1l,47%,England,London,
G-Vine Gin Floraison,G'Vine,Dry Gin,0.7l,40%,France,,http://www.g-vine.com
G-Vine Gin Nouaison,G'Vine,Dry Gin,0.7l,43.9%,France,,http://www.g-vine.com
Geranium Gin,Hammer & Son Ltd.,Premium Dry Gin,0.7l,44%,England,,http://www.geraniumgin.com
Gilbey's Special London Dry Gin ,Beam Inc.,Dry Gin,1l,47.5%,USA,Deerfield,http://www.beamglobal.com
Gordon's Sloe Gin,Tanqueray Gordon & Co.,Sloe Gin,0.7l,26%,Scotland,Windygates,http://www.gordons-gin.co.uk
Gordon's Special London Dry Gin,Tanqueray Gordon & Co.,Dry Gin,0.7l,37.5%,Scotland,Windygates,http://www.gordons-gin.co.uk
Gordon's Special London Dry Gin,Tanqueray Gordon & Co.,Dry Gin,1l,37.5%,Scotland,Windygates,http://www.gordons-gin.co.uk
Hayman's Sloe Gin,Hayman Distillers London,Sloe Gin,0.7l,26%,England,London,
Hendrick's Gin,William Grant & Sons,Dry Gin,0.7l,41.4%,Schottland,,http://www.hendricksgin.com
Magellan Blue Gin,Angeac Distillery,Dry Gin,1l,44%,France,,http://www.magellangin.com
Martin Miller's Gin Westbourne Strength,Martin Miller's,Dry Gin,0.7l,45.2%,England,London,http://www.martinmillersgin.com
Master of Malt Cream Gin,Master Of Malt,Dry Gin,0.7l,43.8%,England,Tunbridge Wells,http://www.masterofmalt.com
Mayfair London Dry Gin,Mayfair Brands,Dry Gin,0.7l,43%,England,London,http://www.mayfairbrands.com
Mikkeller Botanical and Hoppy Gin,Mikkeller ApS,Dry Gin,0.7l,44%,Denmark,Kopenhagen,http://mikkellerspirits.dk
MONKEY 47 - Schwarzwald Dry Gin,Black Forest Distillers GmbH,Dry Gin,0.7l,47%,Germany,Lossburg-Betzweiler,http://www.monkey47.com
MONKEY 47 - Sloe Gin,Black Forest Distillers GmbH,Sloe Gin,0.5l,29%,Germany,Lossburg-Betzweiler,http://www.monkey47.com
MRDC River Rose Gin,Mississippi River Distilling Company,Dry Gin,0.7l,40%,USA,Le Claire,
No. 209 Gin 5XD,Distillery No. 209,Dry Gin,1l,46%,USA,San Fransisco,http://www.distillery209.com/gin
No. 3 London Dry Gin,Berry Bros. & Rudd,Dry Gin,0.7l,46%,England,London,http://www.no3gin.com
Pimm's No.1,Pimm's London W69DP,Gin Special,0.7l,25%,England,London,http://www.anyoneforpimms.com
Plymouth Original,Black Friars Distillery,Dry Gin,1l,41.2%,England,Plymouth,http://www.plymouthgin.com
Plymouth Navy Strength,Black Friars Distillery,Dry Gin,1l,57%,England,Plymouth,http://www.plymouthgin.com
Plymouth Navy Strength,Black Friars Distillery,Sloe Gin,1l,,England,Plymouth,http://www.plymouthgin.com
Professor Cornelius Ampleforth's Bathtub Gin,Professor Cornelius Ampleforth's,Dry Gin,0.7l,43.3%,England,,
Professor Cornelius Ampleforth's Bathtub Gin Navy Strength,Professor Cornelius Ampleforth's,Dry Gin,0.7l,57%,England,,
Professor Cornelius Ampleforth's Cask-Aged Gin,Professor Cornelius Ampleforth's,Dry Gin,0.5l,43.3%,England,,
Saffron Gin ,Gabriel Boudier Destillerie,Dry Gin,0.7l,40%,France,Dijon,
Southern Artisan Spirits Cardinal Gin,Southern Artisan Spirits (SAS),Dry Gin,0.7l,42%,USA,Kings Mountain,http://www.southernartisanspirits.com
Spectator Gin,Master Of Malt,Dry Gin,0.3l,42.4%,England,Tunbridge Wells,http://www.masterofmalt.com
Spectator Gin,Master Of Malt,Dry Gin,0.7l,42.4%,England,Tunbridge Wells,http://www.masterofmalt.com
Sylvan Gin,Koval Inc.,Dry Gin,0.5l,47%,USA,Chicago,http://aboutkoval.com
Sylvan Gin,Koval Inc.,Dry Gin,1l,47%,USA,Chicago,http://aboutkoval.com
Sylvius Gin,Onder de Boompjes,Dry Gin,0.7l,45%,Netherland,Schiedam,http://www.sylviusgin.eu
Tanqueray Gin,Charles Tanqueray & Co.,Dry Gin,0.7l,47.3%,England,London,http://www.tanqueray.com
Tanqueray Gin,Charles Tanqueray & Co.,Dry Gin,1l,47.3%,England,London,http://www.tanqueray.com
Tanqueray Malacca Gin (Limited Edition 2013),Dry Gin,1l,40%,England,London,http://www.tanqueray.com
Tanqueray No. 10 Gin,Charles Tanqueray & Co.,Dry Gin,0.7l,47.3%,England,London,http://www.tanqueray.com
Tanqueray No. 10 Gin,Charles Tanqueray & Co.,Dry Gin,1l,47.3%,England,London,http://www.tanqueray.com
Tanqueray Gin Rangpur,Charles Tanqueray & Co.,Dry Gin,1l,41.3%,England,London,http://www.tanqueray.com
The Botanist Islay Dry Gin,Bruichladdich distillery,Dry Gin,0.7l,46%,Scotland,Glasgow,http://www.bruichladdich.com
The Duke Munich Dry Gin,THE DUKE Destillerie,Dry Gin,0.7l,45%,Germany,Munic,http://www.theduke-gin.de
The London Gin No.1 Original Blue Gin,The London Gin Company Ltd.,Dry Gin,0.7l,47%,England,London,
Whitley Neill London Dry Gin,Whitley Neill Ltd,Dry Gin,0.7l,42%,England,London,http://www.whitleyneill.com
Martin Miller's London Dry Gin,The Reformed Spirits Company,Dry Gin,0.7l,40%,England,,http://www.martinmillersgin.com